Unique Identifier,Agenda Number,Meeting,Meeting Date,Sponsor,Co-Sponsors,Charter Right,Amended,Outcome,Vote,E. Denise Simmons,Marc C. McGovern,Burhan Azeem,Patricia Nolan,Sumbul Siddiqui,Paul F. Toner,Ayesha M. Wilson,Jivan Sobrinho-Wheeler,Catherine Zusy,Yeas,Nays,Present,Absent,Recused,Link,Summary,Notes
POR 2025 #1,1,2025-01-06 Regular,2025-01-06,Jivan Sobrinho-Wheeler,"Burhan Azeem,Sumbul Siddiqui",,yes,Adopted,7 to 2,yes,yes,yes,yes,yes,no,yes,yes,no,,,,,,https://cambridgema.iqm2.com/Citizens/Detail_LegiFile.aspx?Frame=&MeetingID=4630&MediaPosition=&ID=26960&CssClass=,"That the City Manager is hereby requested to work with the relevant City departments to report back on additional multi-family zoning considerations, along with the other amendments put forward by the City Council on December 23, 2024.",
POR 2025 #2,2,2025-01-06 Regular,2025-01-06,Jivan Sobrinho-Wheeler,,,,Adopted,7 to 2,yes,yes,yes,yes,yes,no,yes,yes,no,,,,,,https://cambridgema.iqm2.com/Citizens/Detail_LegiFile.aspx?Frame=&MeetingID=4630&MediaPosition=&ID=26966&CssClass=,"That the City Council petition the General Court of the Commonwealth of Massachusetts to enact the attached Home Rule Petition entitled: An Act Establishing the City of Cambridge Employment and Job Training Trust, and that it be forwarded by the City Clerk to Representative Steven Owens who will be filing the legislation.",
POR 2025 #3,1,2025-01-27 Regular,2025-01-27,E. Denise Simmons,"Paul F. Toner,Marc C. McGovern",,,Adopted,Unanimous,yes,yes,yes,yes,yes,yes,yes,yes,yes,,,,,,https://cambridgema.iqm2.com/Citizens/Detail_LegiFile.aspx?Frame=&MeetingID=4632&MediaPosition=&ID=27093&CssClass=,That the City Council go on record urging Eversource to prioritize considerations and implement them wherever possible as part of the Greater Cambridge Energy Program.,
POR 2025 #4,2,2025-01-27 Regular,2025-01-27,Paul F. Toner,"Patricia Nolan,Burhan Azeem,Jivan Sobrinho-Wheeler,Ayesha M. Wilson,Catherine Zusy,E. Denise Simmons,Marc C. McGovern,Sumbul Siddiqui",,yes,Adopted,Unanimous,yes,yes,yes,yes,yes,yes,yes,yes,yes,,,,,,https://cambridgema.iqm2.com/Citizens/Detail_LegiFile.aspx?Frame=&MeetingID=4632&MediaPosition=&ID=27114&CssClass=,That the City Manager is requested to report back to the City Council with a update on the status and timeline for the completion of the Grand Junction Multiuse Path and how implementation between Gore Street and Little Binney could coincide with Phase 2 of the CSO implementation on Cambridge Street.,
POR 2025 #5,3,2025-01-27 Regular,2025-01-27,Patricia Nolan,"E. Denise Simmons,Ayesha M. Wilson,Sumbul Siddiqui",,,Adopted,Unanimous,yes,yes,yes,yes,yes,yes,yes,yes,yes,,,,,,https://cambridgema.iqm2.com/Citizens/Detail_LegiFile.aspx?Frame=&MeetingID=4632&MediaPosition=&ID=27137&CssClass=,City Council opposition to Congressional Voter-Suppression SAVE Bill.,
POR 2025 #6,4,2025-01-27 Regular,2025-01-27,Paul F. Toner,"Patricia Nolan,Catherine Zusy,Ayesha M. Wilson",!!,,Adopted,8 to 1,yes,yes,yes,yes,yes,yes,yes,no,yes,,,,,,https://cambridgema.iqm2.com/Citizens/Detail_LegiFile.aspx?Frame=&MeetingID=4632&MediaPosition=&ID=27117&CssClass=,"That the City Manager is requested to direct the Traffic, Parking and Transportation Department to install ""Bicycles Must Yield"" signs along the Linear Park Parkway, Russell Field, Cambridge Commons, and any other shared use pathway determined appropriate by the City Manager and staff.  CHARTER RIGHT EXERCISED IN COUNCIL JANUARY 27, 2025 BY COUNCILLOR SOBRINHO-WHEELER",
POR 2025 #7,5,2025-01-27 Regular,2025-01-27,Patricia Nolan,"Sumbul Siddiqui,Paul F. Toner,Ayesha M. Wilson,Catherine Zusy",,yes,Adopted,Unanimous,yes,yes,yes,yes,yes,yes,yes,yes,yes,,,,,,https://cambridgema.iqm2.com/Citizens/Detail_LegiFile.aspx?Frame=&MeetingID=4632&MediaPosition=&ID=27138&CssClass=,"That the City Manager is requested to work with relevant City departments to develop zoning recommendations, pursuant to M.G.L. c.40A §9B, for regulations to encourage the use of solar energy systems and protect solar access for Registered Solar Energy Systems that have been in existence for one year, per Ordinance Ch. 22.60, specifically on structures over 4 stories.",
POR 2025 #8,6,2025-01-27 Regular,2025-01-27,Marc C. McGovern,"Paul F. Toner,Sumbul Siddiqui,Ayesha M. Wilson",!!,yes,Adopted,Unanimous,yes,yes,yes,yes,yes,yes,yes,yes,yes,,,,,,https://cambridgema.iqm2.com/Citizens/Detail_LegiFile.aspx?Frame=&MeetingID=4632&MediaPosition=&ID=27162&CssClass=,"That the City Council Amend Petition One, Section 5.40, Footnote (2) to add paragraph (c) to read:",
POR 2025 #9,1,2025-02-03 Regular,2025-02-03,E. Denise Simmons,Marc C. McGovern,,,Adopted,Unanimous,yes,yes,yes,yes,yes,yes,yes,yes,yes,,,,,,https://cambridgema.iqm2.com/Citizens/Detail_LegiFile.aspx?Frame=&MeetingID=4633&MediaPosition=&ID=27200&CssClass=,"That the City Council meeting scheduled for February 24, 2025 shall be designated as a Joint Roundtable with the School Committee to discuss FY26 Cambridge Public Schools budget priorities.",
POR 2025 #10,2,2025-02-03 Regular,2025-02-03,Patricia Nolan,"Paul F. Toner,Catherine Zusy",,,Adopted,Unanimous,yes,yes,yes,yes,yes,yes,yes,yes,yes,,,,,,https://cambridgema.iqm2.com/Citizens/Detail_LegiFile.aspx?Frame=&MeetingID=4633&MediaPosition=&ID=27339&CssClass=,That the City Manager is requested to work with relevant City departments to prepare a report on the use of M.G.L. Ch. 40U to determine which local statutes can be enforced by the local-option procedure in order to better collect fines in violation of Cambridge ordinances and provide a recommendation to the City Council for implementation of Ch. 40U procedures.,
POR 2025 #11,1,2025-02-10 Regular,2025-02-10,Burhan Azeem,"Jivan Sobrinho-Wheeler,Sumbul Siddiqui,Patricia Nolan",,,Adopted,Unanimous,yes,yes,yes,yes,yes,yes,yes,yes,yes,,,,,,https://cambridgema.iqm2.com/Citizens/Detail_LegiFile.aspx?Frame=&MeetingID=4634&MediaPosition=&ID=27291&CssClass=,"That the City Manager is requested to work with the Traffic, Parking and Transportation Department to investigate safety improvements such as signalization to the intersection of Cardinal Medeiros Avenue, Cambridge Street, and Warren Street, and to implement these changes as soon as possible.",
POR 2025 #12,2,2025-02-10 Regular,2025-02-10,Catherine Zusy,"Sumbul Siddiqui,Paul F. Toner,Patricia Nolan",,,Adopted,Unanimous,yes,yes,yes,yes,yes,yes,yes,yes,yes,,,,,,https://cambridgema.iqm2.com/Citizens/Detail_LegiFile.aspx?Frame=&MeetingID=4634&MediaPosition=&ID=27397&CssClass=,"That the City Manager is requested to work with appropriate departments to prepare a communication to DCR Commissioner Arrigo, urging that a study of traffic conditions at the intersections of Western Avenue and River Street at Memorial Drive and Soldiers Field Road (commonly referred to as “the box”), be included in their FY26 Capital Plan.",
POR 2025 #13,3,2025-02-10 Regular,2025-02-10,Jivan Sobrinho-Wheeler,"Sumbul Siddiqui,Patricia Nolan,Ayesha M. Wilson",,yes,Adopted,8 to 1,yes,yes,yes,yes,yes,no,yes,yes,yes,,,,,,https://cambridgema.iqm2.com/Citizens/Detail_LegiFile.aspx?Frame=&MeetingID=4634&MediaPosition=&ID=27421&CssClass=,That the City Manager is requested to create a plan with a schedule and milestones to move forward with the creation of a Municipal Broadband Network and present it for consideration by the Council at a Finance Committee meeting in the context of capital projects for coming years.,
POR 2025 #14,4,2025-02-10 Regular,2025-02-10,Jivan Sobrinho-Wheeler,"Sumbul Siddiqui,Burhan Azeem,Marc C. McGovern,Ayesha M. Wilson,Paul F. Toner",,yes,Adopted,Unanimous,yes,yes,yes,yes,yes,yes,yes,yes,yes,,,,,,https://cambridgema.iqm2.com/Citizens/Detail_LegiFile.aspx?Frame=&MeetingID=4634&MediaPosition=&ID=27430&CssClass=,"That the City Manager is requested to confer with the relevant departments about exploring how the Traffic, Parking and Transportation Department can advance protection of Cambridge students and other bus riders as authorized by the two new Massachusetts laws.",
POR 2025 #15,5,2025-02-10 Regular,2025-02-10,Sumbul Siddiqui,"Ayesha M. Wilson,Jivan Sobrinho-Wheeler",,,Adopted,Unanimous,yes,yes,yes,yes,yes,yes,yes,yes,yes,,,,,,https://cambridgema.iqm2.com/Citizens/Detail_LegiFile.aspx?Frame=&MeetingID=4634&MediaPosition=&ID=27434&CssClass=,That the City Manager is requested to direct the appropriate department to put up a lawn sign every year a week before International Mother Language Day to commemorate.,
POR 2025 #16,6,2025-02-10 Regular,2025-02-10,Paul F. Toner,,,,Adopted,Unanimous,yes,yes,yes,yes,yes,yes,yes,yes,yes,,,,,,https://cambridgema.iqm2.com/Citizens/Detail_LegiFile.aspx?Frame=&MeetingID=4634&MediaPosition=&ID=27447&CssClass=,"That the City Manager direct the Community Development Department and Law Department to draft an amendment to the Zoning Ordinance that would make the provisions of Section 11.207.5.2.1, Paragraph (e), which allow qualified increases in building height under the Affordable Housing Overlay, not applicable in the Residence C-1 district.",
POR 2025 #17,1,2025-03-03 Regular,2025-03-03,E. Denise Simmons,"Marc C. McGovern,Paul F. Toner,Ayesha M. Wilson",,yes,Adopted,Unanimous,yes,yes,yes,yes,yes,yes,yes,yes,yes,,,,,,https://cambridgema.iqm2.com/Citizens/Detail_LegiFile.aspx?Frame=&MeetingID=4644&MediaPosition=&ID=27451&CssClass=,That the City Manager is requested to direct the appropriate City staff to explore potential actions the City can take to mitigate the impact of Eversource price hikes.,
POR 2025 #18,2,2025-03-03 Regular,2025-03-03,E. Denise Simmons,"Marc C. McGovern,Jivan Sobrinho-Wheeler,Ayesha M. Wilson,Catherine Zusy,Patricia Nolan",,yes,Adopted,Unanimous,yes,yes,yes,yes,yes,yes,yes,yes,yes,,,,,,https://cambridgema.iqm2.com/Citizens/Detail_LegiFile.aspx?Frame=&MeetingID=4644&MediaPosition=&ID=27571&CssClass=,"That the City Council go on record reaffirming that Cambridge is a Sanctuary City not only for immigrants but also for all marginalized communities, including transgender and nonbinary individuals.",
POR 2025 #19,3,2025-03-03 Regular,2025-03-03,E. Denise Simmons,Burhan Azeem,,yes,Adopted,7 to 0,yes,yes,yes,yes,absent,yes,yes,absent,yes,,,,,,https://cambridgema.iqm2.com/Citizens/Detail_LegiFile.aspx?Frame=&MeetingID=4644&MediaPosition=&ID=27575&CssClass=,That the City Manager is requested to direct the appropriate City staff to coordinate with the MBTA in finding ways in which to strengthen safety measures.,
POR 2025 #20,4,2025-03-03 Regular,2025-03-03,E. Denise Simmons,Sumbul Siddiqui,,,Adopted,8 to 0,yes,yes,yes,yes,absent,yes,yes,yes,yes,,,,,,https://cambridgema.iqm2.com/Citizens/Detail_LegiFile.aspx?Frame=&MeetingID=4644&MediaPosition=&ID=27576&CssClass=,That the City Manager is requested to exert all appropriate influence on EZ Ride and Passio to take immediate and concrete steps to fully resolve tracking deficiencies and improve real-time transit accuracy for riders.,
POR 2025 #21,5,2025-03-03 Regular,2025-03-03,Marc C. McGovern,"Sumbul Siddiqui,Burhan Azeem,E. Denise Simmons,Ayesha M. Wilson,Catherine Zusy,Jivan Sobrinho-Wheeler,Patricia Nolan,Paul F. Toner",,yes,Adopted,8 to 0,yes,yes,yes,yes,absent,yes,yes,yes,yes,,,,,,https://cambridgema.iqm2.com/Citizens/Detail_LegiFile.aspx?Frame=&MeetingID=4644&MediaPosition=&ID=27755&CssClass=,"That the City Manager is requested to work with all appropriate Departments to develop language to create an “Affordable Rent Incentive Program” program for Cambridge and to report back to the City Council with option, including the percentage of possible tax abatements.",
POR 2025 #22,6,2025-03-03 Regular,2025-03-03,Paul F. Toner,"Marc C. McGovern,Patricia Nolan",,,Adopted,7 to 0,yes,absent,yes,yes,absent,yes,yes,yes,yes,,,,,,https://cambridgema.iqm2.com/Citizens/Detail_LegiFile.aspx?Frame=&MeetingID=4644&MediaPosition=&ID=27778&CssClass=,"That the City Manager is requested to demand information from Eversource regarding concerns following the transformer explosion at 17 Edmunds Street on February 19, 2025.",
POR 2025 #23,7,2025-03-03 Regular,2025-03-03,Paul F. Toner,"Ayesha M. Wilson,E. Denise Simmons",,yes,Adopted,7 to 0,yes,yes,yes,yes,absent,yes,yes,yes,absent,,,,,,https://cambridgema.iqm2.com/Citizens/Detail_LegiFile.aspx?Frame=&MeetingID=4644&MediaPosition=&ID=27779&CssClass=,That the City Manager is requested to commit to prioritizing snow removal from crosswalks and pedestrian islands for the rest of this and future snow seasons and direct appropriate City staff to generate a policy for prioritizing snow removal from crosswalks and pedestrian islands after snow storms.,
POR 2025 #24,8,2025-03-03 Regular,2025-03-03,Jivan Sobrinho-Wheeler,"Sumbul Siddiqui,Burhan Azeem,Marc C. McGovern,Patricia Nolan",,yes,Adopted,7 to 1,yes,yes,yes,yes,absent,no,yes,yes,yes,,,,,,https://cambridgema.iqm2.com/Citizens/Detail_LegiFile.aspx?Frame=&MeetingID=4644&MediaPosition=&ID=27783&CssClass=,That the City Manager is requested  to work with the Law Department to draft a home rule petition allowing Cambridge to end the practice of property owners passing on broker’s fees to tenants.,
POR 2025 #25,9,2025-03-03 Regular,2025-03-03,Jivan Sobrinho-Wheeler,"Sumbul Siddiqui,Burhan Azeem,Marc C. McGovern",Paul F. Toner,,Charter Right,,,,,,,,,,,,,,,,https://cambridgema.iqm2.com/Citizens/Detail_LegiFile.aspx?Frame=&MeetingID=4644&MediaPosition=&ID=27784&CssClass=,"That the City Manager is requested to work with relevant staff to present a zoning petition to the City Council for consideration on maximum unit size. CHARTER RIGHT EXERCISED BY COUNCILLOR TONER IN COUNCIL MARCH 3, 2025.",
POR 2025 #26,10,2025-03-03 Regular,2025-03-03,Jivan Sobrinho-Wheeler,"Patricia Nolan,Sumbul Siddiqui,Ayesha M. Wilson",,,Adopted,7 to 1,yes,yes,yes,yes,absent,no,yes,yes,yes,,,,,,https://cambridgema.iqm2.com/Citizens/Detail_LegiFile.aspx?Frame=&MeetingID=4644&MediaPosition=&ID=27785&CssClass=,That the City Council go on record in support of HD.2996/SD.1305 An Act to Regulate Junk Fees in Housing and HD.238/SD.35 An Act Eliminating Forced Broker’s Fees.,
POR 2025 #27,11,2025-03-03 Regular,2025-03-03,Marc C. McGovern,"E. Denise Simmons,Sumbul Siddiqui,Ayesha M. Wilson",,,Adopted,Unanimous,yes,yes,yes,yes,yes,yes,yes,yes,yes,,,,,,https://cambridgema.iqm2.com/Citizens/Detail_LegiFile.aspx?Frame=&MeetingID=4644&MediaPosition=&ID=27790&CssClass=,That the City Council urges the Executive Office of Health and Human Services and MassHealth without delay to fully recognize BCaBAs for the purpose of reimbursement and implement a three-tier delivery model for ABA services.,
POR 2025 #28,12,2025-03-03 Regular,2025-03-03,Ayesha M. Wilson,Paul F. Toner,,,Withdrawn,8 to 0,yes,yes,yes,yes,absent,yes,yes,yes,yes,,,,,,https://cambridgema.iqm2.com/Citizens/Detail_LegiFile.aspx?Frame=&MeetingID=4644&MediaPosition=&ID=27794&CssClass=,"That the Cambridge City Council go on record supporting Teamsters Local 25 should they decide to take action, including extending picket lines to every Stop & Shop store in New England, and demanding that Ahold Delhaize and Stop & Shop return to the bargaining table in good faith.",
POR 2025 #29,13,2025-03-03 Regular,2025-03-03,Patricia Nolan,"Sumbul Siddiqui,Ayesha M. Wilson,E. Denise Simmons",,yes,Adopted,7 to 1,yes,yes,yes,yes,absent,yes,yes,yes,no,,,,,,https://cambridgema.iqm2.com/Citizens/Detail_LegiFile.aspx?Frame=&MeetingID=4644&MediaPosition=&ID=27791&CssClass=,The City Manager is requested to work with relevant departments to create a plaque to be placed at the entrance of or inside City Hall that demonstrates the values that the Cambridge City Council upholds of the separation of church and state and gender equality.,
POR 2025 #30,14,2025-03-03 Regular,2025-03-03,E. Denise Simmons,Marc C. McGovern,,,Adopted,8 to 0,yes,yes,yes,yes,absent,yes,yes,yes,yes,,,,,,https://cambridgema.iqm2.com/Citizens/Detail_LegiFile.aspx?Frame=&MeetingID=4644&MediaPosition=&ID=27800&CssClass=,Policy Order Re Canceling March 10 City Council Meeting,
POR 2025 #31,1,2025-03-17 Regular,2025-03-17,E. Denise Simmons,Ayesha M. Wilson,,,Adopted and Referred,Voice Vote,,,,,,,,,,,,,,,https://cambridgema.iqm2.com/Citizens/Detail_LegiFile.aspx?Frame=&MeetingID=4645&MediaPosition=&ID=27805&CssClass=,"That the City Manager is requested to appoint the members of a working committee tasked with integrating the objectives of both the Task Force to Examine the Status and Wellbeing of the City’s African American/Black Population and the Commission on the Status of Black Men and Boys into a unified, actionable framework.",TO THE CIVIC UNITY COMMITTEE
POR 2025 #32,2,2025-03-17 Regular,2025-03-17,Paul F. Toner,"Marc C. McGovern,Sumbul Siddiqui,Ayesha M. Wilson",,yes,Adopted,Voice Vote,,,,,,,,,,,,,,,https://cambridgema.iqm2.com/Citizens/Detail_LegiFile.aspx?Frame=&MeetingID=4645&MediaPosition=&ID=27838&CssClass=,That the City Manager is requested to direct the appropriate City departments to draft language to create an Ordinance to insure that vacant store fronts and commercial properties keep their properties in safe and clean conditions.,
POR 2025 #33,3,2025-03-17 Regular,2025-03-17,E. Denise Simmons,Ayesha M. Wilson,,,Adopted,Voice Vote,,,,,,,,,,,,,,,https://cambridgema.iqm2.com/Citizens/Detail_LegiFile.aspx?Frame=&MeetingID=4645&MediaPosition=&ID=27876&CssClass=,Designating the Fourth Thursday of March as Tuskegee Airmen Commemoration Day.,
POR 2025 #34,4,2025-03-17 Regular,2025-03-17,Paul F. Toner,,,,Adopted,Voice Vote,,,,,,,,,,,,,,,https://cambridgema.iqm2.com/Citizens/Detail_LegiFile.aspx?Frame=&MeetingID=4645&MediaPosition=&ID=27930&CssClass=,"That the City Manager provide the Council with a report before May 31, 2025, that includes a summary of all requests for approval of Surveillance Technology Impact Reports received by the city council during the prior year pursuant to Section 2.128.030 or Section 2.128.040 of the Surveillance Ordinance, including whether the City Council approved, disapproved, or required modifications to the Surveillance Technology Impact Reports received, for the Council to review and adopt",
POR 2025 #35,5,2025-03-17 Regular,2025-03-17,Sumbul Siddiqui,,,,Adopted,Unanimous,yes,yes,yes,yes,yes,yes,yes,yes,yes,,,,,,https://cambridgema.iqm2.com/Citizens/Detail_LegiFile.aspx?Frame=&MeetingID=4645&MediaPosition=&ID=27931&CssClass=,That the City Council approve the motions that passed favorably in the Special Committee of the Whole/Charter Review.  Committee Report is attached.,
POR 2025 #36,1,2025-03-24 Regular,2025-03-24,Sumbul Siddiqui,"Jivan Sobrinho-Wheeler,Ayesha M. Wilson,Paul F. Toner,Catherine Zusy",,yes,Adopted,Voice Vote,,,,,,,,,,,,,,,https://cambridgema.iqm2.com/Citizens/Detail_LegiFile.aspx?Frame=&MeetingID=4646&MediaPosition=&ID=27431&CssClass=,That the City Manager is requested to confer with the Community Development Department to develop a timeline for the next Incentive Zoning Nexus Study.,
POR 2025 #37,2,2025-03-24 Regular,2025-03-24,Sumbul Siddiqui,"Jivan Sobrinho-Wheeler,E. Denise Simmons,Ayesha M. Wilson",,,Adopted,Voice Vote,,,,,,,,,,,,,,,https://cambridgema.iqm2.com/Citizens/Detail_LegiFile.aspx?Frame=&MeetingID=4646&MediaPosition=&ID=27941&CssClass=,That the City Manager is requested to work with the Office of the Housing Liaison and all relevant departments to ensure the successful implementation of an outreach and assistance campaign to provide broad and equitable access to eviction record sealing for eligible Cambridge tenants.,
POR 2025 #38,3,2025-03-24 Regular,2025-03-24,Patricia Nolan,"Ayesha M. Wilson,Sumbul Siddiqui,Paul F. Toner",,,Adopted,Voice Vote,,,,,,,,,,,,,,,https://cambridgema.iqm2.com/Citizens/Detail_LegiFile.aspx?Frame=&MeetingID=4646&MediaPosition=&ID=28030&CssClass=,"That the City Manager is requested to work with the School Department, the Department of Public Works, and other relevant departments to open the publicly owned parking at the King Open/Cambridge Street Upper School Complex for either residential free parking or commercial parking opportunities during “off” hours.",
POR 2025 #39,4,2025-03-24 Regular,2025-03-24,Patricia Nolan,"Paul F. Toner,Jivan Sobrinho-Wheeler,Catherine Zusy",,,Adopted,Voice Vote,,,,,,,,,,,,,,,https://cambridgema.iqm2.com/Citizens/Detail_LegiFile.aspx?Frame=&MeetingID=4646&MediaPosition=&ID=28032&CssClass=,That the City Manager is requested to work with relevant City departments and institutional stakeholders currently operating some form of shuttle to explore options for a municipal transit pilot program.,
POR 2025 #40,5,2025-03-24 Regular,2025-03-24,E. Denise Simmons,Marc C. McGovern,,,Adopted,Voice Vote,,,,,,,,,,,,,,,https://cambridgema.iqm2.com/Citizens/Detail_LegiFile.aspx?Frame=&MeetingID=4646&MediaPosition=&ID=28034&CssClass=,Policy Order re Transgender Day of Visibility,
POR 2025 #41,1,2025-03-31 Regular,2025-03-31,Patricia Nolan,"Sumbul Siddiqui,Burhan Azeem,Ayesha M. Wilson",,,Adopted,Unanimous,yes,yes,yes,yes,yes,yes,yes,yes,yes,,,,,,https://cambridgema.iqm2.com/Citizens/Detail_LegiFile.aspx?Frame=&MeetingID=4647&MediaPosition=&ID=28180&CssClass=,That the City Manager is requested to direct the Department of Public Works to work together with the Chair of the Health and Environment Committee to make appropriate changes to the draft of the Zero Waste Master Plan 2.0 and forward a final draft to the full City Council for approval as the City’s policy document on zero waste.,
POR 2025 #42,2,2025-03-31 Regular,2025-03-31,E. Denise Simmons,"Paul F. Toner,Marc C. McGovern",,,Adopted,Unanimous,yes,yes,yes,yes,yes,yes,yes,yes,yes,,,,,,https://cambridgema.iqm2.com/Citizens/Detail_LegiFile.aspx?Frame=&MeetingID=4647&MediaPosition=&ID=28200&CssClass=,"Appointment of Paula M. Crane as Interim City Clerk effective June 1, 2025.",
POR 2025 #43,3,2025-03-31 Regular,2025-03-31,Burhan Azeem,"Jivan Sobrinho-Wheeler,Paul F. Toner",,yes,Adopted,Unanimous,yes,yes,yes,yes,yes,yes,yes,yes,yes,,,,,,https://cambridgema.iqm2.com/Citizens/Detail_LegiFile.aspx?Frame=&MeetingID=4647&MediaPosition=&ID=28210&CssClass=,That the City Manager is requested to direct the Community Development Department to prioritize Cambridge Street and Northern Massachusetts Avenue first and to introduce the necessary zoning language and to continue working on Central Square as soon as practicable.,
POR 2025 #44,4,2025-03-31 Regular,2025-03-31,Burhan Azeem,"Marc C. McGovern,Sumbul Siddiqui,Ayesha M. Wilson,Patricia Nolan",,yes,Adopted,Unanimous,yes,yes,yes,yes,yes,yes,yes,yes,yes,,,,,,https://cambridgema.iqm2.com/Citizens/Detail_LegiFile.aspx?Frame=&MeetingID=4647&MediaPosition=&ID=28217&CssClass=,"That the City Manager is requested to direct the Cambridge Police Department, and Human Rights Commission, and local immigrant rights and immigrant-serving organizations to develop and implement policies and protocols to prevent illegal detainment, hold Know Your Rights trainings, and ensure that the City of Cambridge is adequately prepared to respond to and mitigate violations of this nature.",
POR 2025 #45,5,2025-03-31 Regular,2025-03-31,Patricia Nolan,"Marc C. McGovern,Catherine Zusy,Sumbul Siddiqui",,,Adopted,Unanimous,yes,yes,yes,yes,yes,yes,yes,yes,yes,,,,,,https://cambridgema.iqm2.com/Citizens/Detail_LegiFile.aspx?Frame=&MeetingID=4647&MediaPosition=&ID=28214&CssClass=,"That the City Manager is requested to work with relevant City departments to do more outreach to residents, businesses, and property owners to communicate the drought status and take all measures to reduce nonessential water use citywide, and provide a report on citywide water usage and water supply.",
POR 2025 #46,6,2025-03-31 Regular,2025-03-31,Patricia Nolan,"Marc C. McGovern,Jivan Sobrinho-Wheeler,Sumbul Siddiqui",,,Adopted,Unanimous,yes,yes,yes,yes,yes,yes,yes,yes,yes,,,,,,https://cambridgema.iqm2.com/Citizens/Detail_LegiFile.aspx?Frame=&MeetingID=4647&MediaPosition=&ID=28233&CssClass=,That the Human Services and Veterans Committee hold a meeting to discuss Sex Work and Sex Trafficking.,
POR 2025 #49,1,2025-04-07 Regular,2025-04-07,Marc C. McGovern,"E. Denise Simmons,Sumbul Siddiqui,Ayesha M. Wilson",,yes,Adopted,Unanimous,yes,yes,yes,yes,yes,yes,yes,yes,yes,,,,,,https://cambridgema.iqm2.com/Citizens/Detail_LegiFile.aspx?Frame=&MeetingID=4648&MediaPosition=&ID=28752&CssClass=,"That the City Council send a formal invitation to Mr. Gerald Chan to come before the Economic Development and University Relations Committee to answer questions and present his plans for the Harvard Square Movie Theater, as well as his other vacant properties in the City.",
POR 2025 #50,2,2025-04-07 Regular,2025-04-07,Marc C. McGovern,"Jivan Sobrinho-Wheeler,Ayesha M. Wilson",Paul F. Toner,yes,Adopted,5 to 4,no,yes,yes,no,yes,no,yes,yes,no,,,,,,https://cambridgema.iqm2.com/Citizens/Detail_LegiFile.aspx?Frame=&MeetingID=4648&MediaPosition=&ID=28794&CssClass=,"Continued funding of the Transitional Wellness Center. CHARTER RIGHT EXERCISED BY COUNCILLOR TONER IN COUNCIL APRIL 7, 2025",EXERCISED BY COUNCILLOR TONER
POR 2025 #51,3,2025-04-07 Regular,2025-04-07,Jivan Sobrinho-Wheeler,"Marc C. McGovern,Sumbul Siddiqui,Ayesha M. Wilson,Paul F. Toner",,yes,Adopted,8 to 0,yes,yes,yes,yes,yes,yes,absent,yes,yes,,,,,,https://cambridgema.iqm2.com/Citizens/Detail_LegiFile.aspx?Frame=&MeetingID=4648&MediaPosition=&ID=28913&CssClass=,"City Council support of S.447/H.750, S.456, H.556, and H.572 to ensure high school students receive CPR and AED training, equipping the next generation with life-saving skills.",
POR 2025 #52,4,2025-04-07 Regular,2025-04-07,Patricia Nolan,"Burhan Azeem,Sumbul Siddiqui,Marc C. McGovern,Ayesha M. Wilson,Catherine Zusy,E. Denise Simmons,Jivan Sobrinho-Wheeler,Paul F. Toner",,yes,Adopted,Unanimous,yes,yes,yes,yes,yes,yes,yes,yes,yes,,,,,,https://cambridgema.iqm2.com/Citizens/Detail_LegiFile.aspx?Frame=&MeetingID=4648&MediaPosition=&ID=28927&CssClass=,Harvard Federal Response,
POR 2025 #53,1,2025-04-14 Regular,2025-04-14,E. Denise Simmons,Marc C. McGovern,,yes,Adopted,Unanimous,yes,yes,yes,yes,yes,yes,yes,yes,yes,,,,,,https://cambridgema.iqm2.com/Citizens/Detail_LegiFile.aspx?Frame=&MeetingID=4649&MediaPosition=&ID=29046&CssClass=,City Council opposition to Federal efforts to defund or censor museums.,
POR 2025 #54,2,2025-04-14 Regular,2025-04-14,Patricia Nolan,"E. Denise Simmons,Jivan Sobrinho-Wheeler,Burhan Azeem",,,Adopted,Unanimous,yes,yes,yes,yes,yes,yes,yes,yes,yes,,,,,,https://cambridgema.iqm2.com/Citizens/Detail_LegiFile.aspx?Frame=&MeetingID=4649&MediaPosition=&ID=29164&CssClass=,"That the City Council go on record declaring Earth Day, April 22 in the year 2025 “Sustainable Cambridge Day” and that the City Manager is requested to communicate to all City departments the City’s commitment to our climate goals and the need to support the efforts of the Sustainable Cambridge initiative.",
POR 2025 #55,3,2025-04-14 Regular,2025-04-14,Sumbul Siddiqui,,,,Adopted,Unanimous,yes,yes,yes,yes,yes,yes,yes,yes,yes,,,,,,https://cambridgema.iqm2.com/Citizens/Detail_LegiFile.aspx?Frame=&MeetingID=4649&MediaPosition=&ID=29260&CssClass=,That the City Council approve the motions that passed favorably in the Special ,
POR 2025 #56,4,2025-04-14 Regular,2025-04-14,Sumbul Siddiqui,,,,Adopted,Unanimous,yes,yes,yes,yes,yes,yes,yes,yes,yes,,,,,,https://cambridgema.iqm2.com/Citizens/Detail_LegiFile.aspx?Frame=&MeetingID=4649&MediaPosition=&ID=29261&CssClass=,That the Council accept the new additional changes as detailed that the Law Department has made that the Special Committee did not vote on.,
POR 2025 #57,5,2025-04-14 Regular,2025-04-14,Sumbul Siddiqui,,,,Adopted,Unanimous,yes,yes,yes,yes,yes,yes,yes,yes,yes,,,,,,https://cambridgema.iqm2.com/Citizens/Detail_LegiFile.aspx?Frame=&MeetingID=4649&MediaPosition=&ID=29262&CssClass=,"That the City Council petition the General Court of the Commonwealth of Massachusetts to enact the attached home rule petition entitled, AN ACT ESTABLISHING A CHARTER FOR THE CITY OF CAMBRIDGE; provided, that the Legislature may make such incidental changes necessary to effectuate passage of this petition.",
POR 2025 #58,6,2025-04-14 Regular,2025-04-14,Sumbul Siddiqui,,,yes,Adopted,8 to 0,yes,absent,yes,yes,yes,yes,yes,yes,yes,,,,,,https://cambridgema.iqm2.com/Citizens/Detail_LegiFile.aspx?Frame=&MeetingID=4649&MediaPosition=&ID=29263&CssClass=,That the City Council request that State Rep. Marjorie Decker sponsor the home rule petition entitled AN ACT ESTABLISHING A CHARTER FOR THE CITY OF CAMBRIDGE.,
POR 2025 #59,1,2025-04-28 Regular,2025-04-28,E. Denise Simmons,"Marc C. McGovern,Ayesha M. Wilson",,yes,Adopted,Unanimous,yes,yes,yes,yes,yes,yes,yes,yes,yes,,,,,,https://cambridgema.iqm2.com/Citizens/Detail_LegiFile.aspx?Frame=&MeetingID=4650&MediaPosition=&ID=29273&CssClass=,"That the City Manager is requested to direct the appropriate City staff to illuminate City Hall in green for Mental Health Awareness Month in May 2025, in coordination with the Cambridge Public Health Department’s awareness efforts.",
POR 2025 #60,2,2025-04-28 Regular,2025-04-28,E. Denise Simmons,Marc C. McGovern,,,Adopted,Unanimous,yes,yes,yes,yes,yes,yes,yes,yes,yes,,,,,,https://cambridgema.iqm2.com/Citizens/Detail_LegiFile.aspx?Frame=&MeetingID=4650&MediaPosition=&ID=29274&CssClass=,That the City Manager is requested to establish a Lost and Found program at Cambridge City Hall.,
POR 2025 #61,3,2025-04-28 Regular,2025-04-28,Catherine Zusy,"Jivan Sobrinho-Wheeler,Patricia Nolan,Burhan Azeem",,,Adopted,Unanimous,yes,yes,yes,yes,yes,yes,yes,yes,yes,,,,,,https://cambridgema.iqm2.com/Citizens/Detail_LegiFile.aspx?Frame=&MeetingID=4650&MediaPosition=&ID=29286&CssClass=,"That the City Manager is requested to direct the appropriate departments to review the city’s digital equity work to date, assessing whether residents’ digital needs are or could be better provided for and to propose how we can better meet their needs.",
POR 2025 #62,4,2025-04-28 Regular,2025-04-28,E. Denise Simmons,Paul F. Toner,,,Adopted and Referred,Unanimous,yes,yes,yes,yes,yes,yes,yes,yes,yes,,,,,,https://cambridgema.iqm2.com/Citizens/Detail_LegiFile.aspx?Frame=&MeetingID=4650&MediaPosition=&ID=29299&CssClass=,"City Council requesting that the Chair of the Government Operations, Rules, and Claims Committee initiate the process of re-appointing the City Auditor.",
POR 2025 #63,5,2025-04-28 Regular,2025-04-28,Catherine Zusy,"Paul F. Toner,E. Denise Simmons,Patricia Nolan",,,Adopted,Unanimous,yes,yes,yes,yes,yes,yes,yes,yes,yes,,,,,,https://cambridgema.iqm2.com/Citizens/Detail_LegiFile.aspx?Frame=&MeetingID=4650&MediaPosition=&ID=29312&CssClass=,"That the City Manager is requested to confer with the Community Development Department to assemble a list of public and private spaces available to the public, indoors and outdoors, noting contact information and any associated requirements, ensuring that there are public meeting places identified in each neighborhood.",
POR 2025 #64,1,2025-05-05 Regular,2025-05-05,Marc C. McGovern,"Burhan Azeem,Jivan Sobrinho-Wheeler,Patricia Nolan",,yes,Adopted,Unanimous,yes,yes,yes,yes,yes,yes,yes,yes,yes,,,,,,https://cambridgema.iqm2.com/Citizens/Detail_LegiFile.aspx?Frame=&MeetingID=4651&MediaPosition=&ID=29340&CssClass=,City Council support of the completion of the Mass Central Rail Trail.,
POR 2025 #65,2,2025-05-05 Regular,2025-05-05,Marc C. McGovern,E. Denise Simmons,,,Adopted,Unanimous,yes,yes,yes,yes,yes,yes,yes,yes,yes,,,,,,https://cambridgema.iqm2.com/Citizens/Detail_LegiFile.aspx?Frame=&MeetingID=4651&MediaPosition=&ID=29347&CssClass=,That the Cambridge City Council go on record recognizing May 2025 as National Water Safety Month.,
POR 2025 #66,3,2025-05-05 Regular,2025-05-05,Jivan Sobrinho-Wheeler,"Sumbul Siddiqui,Marc C. McGovern,Patricia Nolan",,yes,Adopted,Unanimous,yes,yes,yes,yes,yes,yes,yes,yes,yes,,,,,,https://cambridgema.iqm2.com/Citizens/Detail_LegiFile.aspx?Frame=&MeetingID=4651&MediaPosition=&ID=29350&CssClass=,That the City Manager is requested to work with relevant staff to investigate bike pod storage options to be placed in suitable areas in the City to provide residents and visitors safe storage options.,
POR 2025 #67,4,2025-05-05 Regular,2025-05-05,Jivan Sobrinho-Wheeler,"Burhan Azeem,Patricia Nolan,Sumbul Siddiqui",,,Adopted,Unanimous,yes,yes,yes,yes,yes,yes,yes,yes,yes,,,,,,https://cambridgema.iqm2.com/Citizens/Detail_LegiFile.aspx?Frame=&MeetingID=4651&MediaPosition=&ID=29356&CssClass=,That the City Manager is requested to prepare an update with details on the status of potential civilian flagger operations in the Cambridge police union contract and work with relevant city staff to explore a civilian traffic flagger program and update the current police union contract on the City's website.,
POR 2025 #68,5,2025-05-05 Regular,2025-05-05,Paul F. Toner,Patricia Nolan,!!,yes,Adopted,Unanimous,yes,yes,yes,yes,yes,yes,yes,yes,yes,,,,,,https://cambridgema.iqm2.com/Citizens/Detail_LegiFile.aspx?Frame=&MeetingID=4651&MediaPosition=&ID=29358&CssClass=,"The City Manager is requested to confer with the Community Development Department to develop a timeline for the next Inclusionary Housing Study, explore remedies to address the lack of housing starts and provide for consideration draft amendments to the Inclusionary Housing Ordinance, and explore other incentives to encourage developers to include affordable units beyond the requirement voluntarily.",BY COUNCILLOR AZEEM
POR 2025 #69,6,2025-05-05 Regular,2025-05-05,Ayesha M. Wilson,"Marc C. McGovern,Sumbul Siddiqui,Jivan Sobrinho-Wheeler",!!,yes,Adopted,Unanimous,yes,yes,yes,yes,yes,yes,yes,yes,yes,,,,,,https://cambridgema.iqm2.com/Citizens/Detail_LegiFile.aspx?Frame=&MeetingID=4651&MediaPosition=&ID=29360&CssClass=,"That the City Manager is requested to include in the FY26 Operating Budget a continued commitment to Emergency Housing Vouchers for Permanent Supportive Housing and Mixed Status Families, and the Transition Wellness Center, as well as allocate the necessary resources to establish a municipal successor to Rise Up Cambridge that builds on its mission of providing direct, dignified economic support to families.",
POR 2025 #70,7,2025-05-05 Regular,2025-05-05,Burhan Azeem,"Marc C. McGovern,Paul F. Toner,Ayesha M. Wilson",!!,yes,Adopted,8 to 0,yes,yes,yes,yes,yes,absent,yes,yes,yes,,,,,,https://cambridgema.iqm2.com/Citizens/Detail_LegiFile.aspx?Frame=&MeetingID=4651&MediaPosition=&ID=29327&CssClass=,First floor retail policy order.  RECONSIDERATION FILED BY COUNCILLOR TONER,
POR 2025 #71,1,2025-05-12 Regular,2025-05-12,E. Denise Simmons,"Paul F. Toner,Marc C. McGovern,Sumbul Siddiqui",Burhan Azeem,,Charter Right,,,,,,,,,,,,,,,,https://cambridgema.iqm2.com/Citizens/Detail_LegiFile.aspx?Frame=&MeetingID=4652&MediaPosition=&ID=29404&CssClass=,"That the City Manager is requested to meet with the leadership of the Harvard Square Business Association to discuss the proposal and to take the necessary steps to facilitate the release of $72,000 to fund the RFP development for the tunnel engineering study.",EXERCISED BY COUNCILLOR AZEEM
POR 2025 #72,2,2025-05-12 Regular,2025-05-12,Patricia Nolan,"Paul F. Toner,Sumbul Siddiqui,Catherine Zusy,Ayesha M. Wilson",,yes,Adopted,Unanimous,yes,yes,yes,yes,yes,yes,yes,yes,yes,,,,,,https://cambridgema.iqm2.com/Citizens/Detail_LegiFile.aspx?Frame=&MeetingID=4652&MediaPosition=&ID=29453&CssClass=,"That the City Manager is requested to work with the School Department, the Department of Public Works, and other relevant departments to ensure that  all city owned parking lots, with a focus on school complexes, including the still under construction parking at Tobin/Darby Vassal school complex, could be made available for after-hours use by residents.",
POR 2025 #73,3,2025-05-12 Regular,2025-05-12,Ayesha M. Wilson,"Marc C. McGovern,Sumbul Siddiqui,Jivan Sobrinho-Wheeler",,yes,Adopted,8 to 1,yes,yes,yes,yes,yes,yes,yes,yes,no,,,,,,https://cambridgema.iqm2.com/Citizens/Detail_LegiFile.aspx?Frame=&MeetingID=4652&MediaPosition=&ID=29460&CssClass=,Policy Order For Expansion of Municipal Vouchers and Renewal of the Rise Up Program,
POR 2025 #74,4,2025-05-12 Regular,2025-05-12,Marc C. McGovern,,,,Adopted,Unanimous,yes,yes,yes,yes,yes,yes,yes,yes,yes,,,,,,https://cambridgema.iqm2.com/Citizens/Detail_LegiFile.aspx?Frame=&MeetingID=4652&MediaPosition=&ID=29462&CssClass=,City Council Reappoint Joseph McCann to the Position of City Auditor,
POR 2025 #75,1,2025-05-19 Regular,2025-05-19,Jivan Sobrinho-Wheeler,"Sumbul Siddiqui,Ayesha M. Wilson,Marc C. McGovern",,,Adopted,Voice Vote,,,,,,,,,,,,,,,https://cambridgema.iqm2.com/Citizens/Detail_LegiFile.aspx?Frame=&MeetingID=4653&MediaPosition=&ID=29520&CssClass=,"That this City Council hereby declares June 19, 2025 as a Day of Reflection on Mass Incarceration in the City of Cambridge, Massachusetts, go on record in support, and gives its endorsement of, the Juneteenth Festival at Cambridge Common as a vital community event celebrating freedom and resilience, and go on record in support and commending the work of The Black Response Cambridge in creating the film “Where Do Black Men Live?”, which powerfully highlights the lived experiences, struggles, and stories of Black male populations in Cambridge, bringing greater awareness to critical issues of housing, justice, and belonging.",VV7
POR 2025 #76,2,2025-05-19 Regular,2025-05-19,Jivan Sobrinho-Wheeler,"Sumbul Siddiqui,Patricia Nolan,Ayesha M. Wilson",E. Denise Simmons,,Charter Right,,,,,,,,,,,,,,,,https://cambridgema.iqm2.com/Citizens/Detail_LegiFile.aspx?Frame=&MeetingID=4653&MediaPosition=&ID=29525&CssClass=,"That the City Manager is requested to explore with the Government Operations Committee whether the functions of the Peace Commission may be improved and enhanced by bringing them within another City Commission or Department, such as the Human Rights Commission, and report back in a timely manner.  CHARTER RIGHT EXERCISED BY MAYOR SIMMONS IN COUNCIL MAY 19, 2025 PLACED ON THE TABLE JUNE 2, 2025",CHARTER RIGHT EXERCISED BY MAYOR SIMMONS
POR 2025 #77,3,2025-05-19 Regular,2025-05-19,Sumbul Siddiqui,"Jivan Sobrinho-Wheeler,Ayesha M. Wilson,E. Denise Simmons,Patricia Nolan",,yes,Adopted,Voice Vote,,,,,,,,,,,,,,,https://cambridgema.iqm2.com/Citizens/Detail_LegiFile.aspx?Frame=&MeetingID=4653&MediaPosition=&ID=29540&CssClass=,That the City Council go on record in support of HD 1811/SD 1114 and HD 1693/SD 1124 and the Clean Slate Massachusetts campaign.,VV8
POR 2025 #78,4,2025-05-19 Regular,2025-05-19,E. Denise Simmons,Marc C. McGovern,E. Denise Simmons,,Charter Right,,,,,,,,,,,,,,,,https://cambridgema.iqm2.com/Citizens/Detail_LegiFile.aspx?Frame=&MeetingID=4653&MediaPosition=&ID=29575&CssClass=,"Late Policy Order re NEFS Custodian Contract for City CHARTER RIGHT EXERCISED BY MAYOR SIMMONS IN COUNCIL MAY 19, 2025",EXERCISED BY MAYOR SIMMONS
POR 2025 #79,1,2025-06-02 Regular,2025-06-02,Patricia Nolan,"Jivan Sobrinho-Wheeler,Sumbul Siddiqui,Ayesha M. Wilson",,yes,Adopted,8 to 0,yes,yes,yes,yes,yes,absent,yes,yes,yes,,,,,,https://cambridgema.iqm2.com/Citizens/Detail_LegiFile.aspx?Frame=&MeetingID=4654&MediaPosition=&ID=29779&CssClass=,City Council opposition to the expansion of Offshore Oil and Gas Drilling.,
POR 2025 #80,2,2025-06-02 Regular,2025-06-02,Jivan Sobrinho-Wheeler,"Sumbul Siddiqui,Patricia Nolan,Marc C. McGovern,Ayesha M. Wilson",Paul F. Toner,yes,Adopted,8 to 0,absent,yes,yes,yes,yes,yes,yes,yes,yes,,,,,,https://cambridgema.iqm2.com/Citizens/Detail_LegiFile.aspx?Frame=&MeetingID=4654&MediaPosition=&ID=29781&CssClass=,That the exception language in Chapter 2.129.040 Section J of the Cambridge Municipal Code be revised with language clarifying that Cambridge city employees shall not participate in federal immigration enforcement operations and that the sole role of Cambridge city employees during any action by ICE is only to protect public safety and not to assist or facilitate the work of ICE. CHARTER RIGHT EXERCISED BY COUNCILLOR TONER.,EXERCISED BY COUNCILLOR TONER
POR 2025 #81,3,2025-06-02 Regular,2025-06-02,Patricia Nolan,"Burhan Azeem,Marc C. McGovern",,,Adopted,Voice Vote,,,,,,,,,,,,,,,https://cambridgema.iqm2.com/Citizens/Detail_LegiFile.aspx?Frame=&MeetingID=4654&MediaPosition=&ID=29787&CssClass=,"That the City Manager is requested to work with relevant City departments to provide a legal opinion outlining, in light of current zoning including the most recent Multifamily Zoning Amendments, the ability of Cambridge to regulate institutional and religious uses in C-1 residential districts and what state and federal law allows in terms of local restrictions, if any, for institutional and religious uses.",
POR 2025 #82,4,2025-06-02 Regular,2025-06-02,Patricia Nolan,"Jivan Sobrinho-Wheeler,Burhan Azeem,Marc C. McGovern",Paul F. Toner,yes,Adopted,5 to 4,no,yes,yes,yes,yes,no,no,yes,no,,,,,,https://cambridgema.iqm2.com/Citizens/Detail_LegiFile.aspx?Frame=&MeetingID=4654&MediaPosition=&ID=29792&CssClass=,That the City Manager is requested to work with relevant City departments to ensure that there is full open access for all users to Linear Park from Westley Avenue as an additional community access point.,EXERCISED BY COUNCILLOR TONER
POR 2025 #83,5,2025-06-02 Regular,2025-06-02,E. Denise Simmons,Paul F. Toner,,,Adopted,Voice Vote,,,,,,,,,,,,,,,https://cambridgema.iqm2.com/Citizens/Detail_LegiFile.aspx?Frame=&MeetingID=4654&MediaPosition=&ID=29831&CssClass=,That the City Council go on record reaffirming the Cambridge-Yerevan Sister City Relationship.,
POR 2025 #84,1,2025-06-09 Regular,2025-06-09,Patricia Nolan,Catherine Zusy,,,Adopted,6 to 1,absent,yes,yes,yes,yes,no,absent,yes,yes,,,,,,https://cambridgema.iqm2.com/Citizens/Detail_LegiFile.aspx?Frame=&MeetingID=4655&MediaPosition=&ID=29804&CssClass=,That the City Manager is requested to work with relevant City departments to determine whether the City Council can revoke an already approved curb cut application if said application was incomplete due to applicant failure.,
POR 2025 #85,2,2025-06-09 Regular,2025-06-09,E. Denise Simmons,"Marc C. McGovern,Paul F. Toner,Catherine Zusy",,yes,Adopted,Unanimous,yes,yes,yes,yes,yes,yes,yes,yes,yes,,,,,,https://cambridgema.iqm2.com/Citizens/Detail_LegiFile.aspx?Frame=&MeetingID=4655&MediaPosition=&ID=29837&CssClass=,"That the City Manager is requested to work with the City Clerk, the Information Technology Department, the Law Department, and any other relevant departments to draft an ordinance establishing the City of Cambridge Electronic Records Archiving Policy.",
POR 2025 #86,3,2025-06-09 Regular,2025-06-09,Catherine Zusy,"Sumbul Siddiqui,Marc C. McGovern,Ayesha M. Wilson",!!,yes,Adopted,6 to 3,no,yes,no,yes,yes,no,yes,yes,yes,,,,,,https://cambridgema.iqm2.com/Citizens/Detail_LegiFile.aspx?Frame=&MeetingID=4655&MediaPosition=&ID=29862&CssClass=,"Policy Order urging Governor Healey, the MBTA Board of Directors and General Manager Phillip Eng to amend the MBTA Alewife Station Complex redevelopment RFP to include as a priority eliminating untreated Combined Sewer Overflow (CSO) sewage in our neighborhoods by incorporating green and gray infrastructure as central components of the project. The order further calls on the MBTA to collaborate with the MWRA, DCR, DPH, the City of Cambridge, and the community to address this public health threat.",
POR 2025 #87,4,2025-06-09 Regular,2025-06-09,Marc C. McGovern,"Ayesha M. Wilson,Sumbul Siddiqui",,,Adopted,Unanimous,yes,yes,yes,yes,yes,yes,yes,yes,yes,,,,,,https://cambridgema.iqm2.com/Citizens/Detail_LegiFile.aspx?Frame=&MeetingID=4655&MediaPosition=&ID=29944&CssClass=,City Council support of H2634: An Act relative to sexual assault by an officer.,
POR 2025 #88,1,2025-06-16 Regular,2025-06-16,Catherine Zusy,Paul F. Toner,,,Failed,4 to 5,yes,no,no,no,no,yes,yes,no,yes,,,,,,https://cambridgema.iqm2.com/Citizens/Detail_LegiFile.aspx?Frame=&MeetingID=4656&MediaPosition=&ID=30219&CssClass=,That the City Manager is requested to require the Department of Transportation to study parking utilization of the broader neighborhood & provide parking alternatives before building Broadway bike lanes.,
POR 2025 #89,2,2025-06-16 Regular,2025-06-16,Paul F. Toner,"Ayesha M. Wilson,E. Denise Simmons",,,Failed,3 to 6,yes,no,no,no,no,yes,yes,no,no,,,,,,https://cambridgema.iqm2.com/Citizens/Detail_LegiFile.aspx?Frame=&MeetingID=4656&MediaPosition=&ID=30223&CssClass=,That the City Manager is requested to suspend implementation of Broadway bike lanes.,
POR 2025 #90,3,2025-06-16 Regular,2025-06-16,Marc C. McGovern,Patricia Nolan,,,Adopted,Voice Vote,,,,,,,,,,,,,,,https://cambridgema.iqm2.com/Citizens/Detail_LegiFile.aspx?Frame=&MeetingID=4656&MediaPosition=&ID=30246&CssClass=,"That the City Manager is requested to establish a City policy that prohibits the use of Second-Generation Anticoagulant Rodenticides on City-owned properties and by City contractors except in circumstances where, with a written emergency waiver provided by the Public Health Department, such is deemed to be required.",
POR 2025 #91,4,2025-06-16 Regular,2025-06-16,Sumbul Siddiqui,"Ayesha M. Wilson,Marc C. McGovern,E. Denise Simmons",,,Adopted,Voice Vote,,,,,,,,,,,,,,,https://cambridgema.iqm2.com/Citizens/Detail_LegiFile.aspx?Frame=&MeetingID=4656&MediaPosition=&ID=30269&CssClass=,That the City Manager is requested to work with relevant City departments to apply for UNICEF’s Child-Friendly City certification on behalf of the City of Cambridge.,
POR 2025 #92,5,2025-06-16 Regular,2025-06-16,Sumbul Siddiqui,"Marc C. McGovern,Patricia Nolan,Jivan Sobrinho-Wheeler",,,Adopted,Voice Vote,,,,,,,,,,,,,,,https://cambridgema.iqm2.com/Citizens/Detail_LegiFile.aspx?Frame=&MeetingID=4656&MediaPosition=&ID=30270&CssClass=,"That the City Manager is requested to work with the Department of Transportation to evaluate adjustments to meter enforcement hours on Broadway Segment A, designating 25 spaces as residential permit parking overnight to increase overnight parking access for residents.",
POR 2025 #93,6,2025-06-16 Regular,2025-06-16,Sumbul Siddiqui,"Patricia Nolan,Marc C. McGovern,Burhan Azeem",,,Adopted,Voice Vote,,,,,,,,,,,,,,,https://cambridgema.iqm2.com/Citizens/Detail_LegiFile.aspx?Frame=&MeetingID=4656&MediaPosition=&ID=30277&CssClass=,"That the City Manager be and hereby is requested to work with the Cambridge Department of Transportation to study the feasibility of modifying non-resident parking permit fees for households in within the Broadway Segment A project area, including offering a discounted rate structure for permits that are requested by residents with low- income residents.",
POR 2025 #94,1,2025-06-23 Regular,2025-06-23,E. Denise Simmons,"Paul F. Toner,Marc C. McGovern,Ayesha M. Wilson",,yes,Adopted,8 to 0,no,no,yes,yes,yes,yes,yes,yes,yes,,,,,,https://cambridgema.iqm2.com/Citizens/Detail_LegiFile.aspx?Frame=&MeetingID=4657&MediaPosition=&ID=30398&CssClass=,That the City Council go on record expressing its profound disappointment ,AS AMENDED
POR 2025 #95,2,2025-06-23 Regular,2025-06-23,E. Denise Simmons,Marc C. McGovern,,,Adopted,Unanimous,yes,yes,yes,yes,yes,yes,yes,yes,yes,,,,,,https://cambridgema.iqm2.com/Citizens/Detail_LegiFile.aspx?Frame=&MeetingID=4657&MediaPosition=&ID=30592&CssClass=,"That the City Council shall convene for its special summer meeting on August 4, 2025.",
POR 2025 #96,3,2025-06-23 Regular,2025-06-23,Sumbul Siddiqui,"Ayesha M. Wilson,Jivan Sobrinho-Wheeler,Marc C. McGovern,Catherine Zusy,E. Denise Simmons",,yes,Adopted,Unanimous,yes,yes,yes,yes,yes,yes,yes,yes,yes,,,,,,https://cambridgema.iqm2.com/Citizens/Detail_LegiFile.aspx?Frame=&MeetingID=4657&MediaPosition=&ID=30621&CssClass=,"That the City Manager be and hereby is requested to direct the City Solicitor, in consultation with relevant City departments and the Community Benefits Advisory Committee, to draft amendments to the Community Benefits Ordinance that allow for the use of funds for capital expenses, provided that such expenses clearly advance the goals of the Community Benefits program",
POR 2025 #97,4,2025-06-23 Regular,2025-06-23,Marc C. McGovern,"Sumbul Siddiqui,Jivan Sobrinho-Wheeler",,,Adopted,Unanimous,yes,yes,yes,yes,yes,yes,yes,yes,yes,,,,,,https://cambridgema.iqm2.com/Citizens/Detail_LegiFile.aspx?Frame=&MeetingID=4657&MediaPosition=&ID=30635&CssClass=,That the Cambridge City Council urges Mass General Brigham to recognize the MGB Primary Care Physician union and immediately begin good faith negotiations.,
POR 2025 #98,5,2025-06-23 Regular,2025-06-23,Jivan Sobrinho-Wheeler,"Marc C. McGovern,Sumbul Siddiqui,Patricia Nolan",,,Adopted,Unanimous,yes,yes,yes,yes,yes,yes,yes,yes,yes,,,,,,https://cambridgema.iqm2.com/Citizens/Detail_LegiFile.aspx?Frame=&MeetingID=4657&MediaPosition=&ID=30652&CssClass=,That the City Council go on record in support of H2343/S3653 “An Act Expanding Truck Safety Requirements”,
POR 2025 #99,6,2025-06-23 Regular,2025-06-23,Patricia Nolan,"Sumbul Siddiqui,Jivan Sobrinho-Wheeler,Ayesha M. Wilson",,yes,Adopted,Unanimous,yes,yes,yes,yes,yes,yes,yes,yes,yes,,,,,,https://cambridgema.iqm2.com/Citizens/Detail_LegiFile.aspx?Frame=&MeetingID=4657&MediaPosition=&ID=30653&CssClass=,"On Tuesday June 24, 2025 the Joint Committee on Municipalities and Regional Government is discussing H.4156, which reforms the Cambridge City Charter",
POR 2025 #100,1,2025-06-30 Regular,2025-06-30,Patricia Nolan,"Catherine Zusy,Sumbul Siddiqui,Marc C. McGovern",,,Adopted,Voice Vote,,,,,,,,,,,,,,,https://cambridgema.iqm2.com/Citizens/Detail_LegiFile.aspx?Frame=&MeetingID=4658&MediaPosition=&ID=30661&CssClass=,"That the City Manager is requested to work with relevant City departments to explore creative solutions that reduce car dependency, while expanding access to parking options nearby Broadway.",VV8 - DS-No
POR 2025 #101,2,2025-06-30 Regular,2025-06-30,Marc C. McGovern,Patricia Nolan,,,Adopted,Voice Vote,,,,,,,,,,,,,,,https://cambridgema.iqm2.com/Citizens/Detail_LegiFile.aspx?Frame=&MeetingID=4658&MediaPosition=&ID=30663&CssClass=,"That the City Manager is requested to direct the City Solicitor to ensure that the wording for the proposed amendment to Section 5.40 Footnote #2 is in line with the City Council’s intention to continue to include the inclusionary requirement for any nonreligious use property that is going above four stories, and to strike “except for religious purposes” used from Section 5.40 Footnotes #1 and #37.",
POR 2025 #102,3,2025-06-30 Regular,2025-06-30,E. Denise Simmons,"Burhan Azeem,Paul F. Toner",,,Adopted,Voice Vote,,,,,,,,,,,,,,,https://cambridgema.iqm2.com/Citizens/Detail_LegiFile.aspx?Frame=&MeetingID=4658&MediaPosition=&ID=30679&CssClass=,"That the Mayor is hereby appointing a committee, to be announced in the coming days, to screen applicants for the position of City Clerk.",
POR 2025 #103,4,2025-06-30 Regular,2025-06-30,Patricia Nolan,Jivan Sobrinho-Wheeler,,,Adopted,Voice Vote,,,,,,,,,,,,,,,https://cambridgema.iqm2.com/Citizens/Detail_LegiFile.aspx?Frame=&MeetingID=4658&MediaPosition=&ID=30683&CssClass=,That the City Manager is requested to work with relevant City departments to continue to work with stakeholders in the area including Harvard University and the Harvard Square Business Association to pursue options for pedestrianization on Lower Bow Street and to report on the option for automatic bollards for Winthrop and/or Bow Street.,
POR 2025 #104,5,2025-06-30 Regular,2025-06-30,Patricia Nolan,"Sumbul Siddiqui,Burhan Azeem",,,Adopted,Voice Vote,,,,,,,,,,,,,,,https://cambridgema.iqm2.com/Citizens/Detail_LegiFile.aspx?Frame=&MeetingID=4658&MediaPosition=&ID=30684&CssClass=,"That the City Manager is requested to work with relevant City departments to prepare an interim report on demolition requests and building permit applications, in order to facilitate a discussion on the outcomes observed during the first six months of the new Multifamily Housing Zoning.",
POR 2025 #105,6,2025-06-30 Regular,2025-06-30,Sumbul Siddiqui,"Ayesha M. Wilson,Marc C. McGovern",,,Adopted,Voice Vote,,,,,,,,,,,,,,,https://cambridgema.iqm2.com/Citizens/Detail_LegiFile.aspx?Frame=&MeetingID=4658&MediaPosition=&ID=30685&CssClass=,That the Human Services and Veterans Committee hold a meeting in Fall 2025 and extend an invitation to the Superintendent of Cambridge Public Schools and the School Committee to discuss the progress and future direction of the Cambridge Preschool Program.,
POR 2025 #106,1,2025-08-04 Regular,2025-08-04,Paul F. Toner,"E. Denise Simmons,Ayesha M. Wilson,Burhan Azeem,Patricia Nolan",,yes,Adopted,Unanimous,yes,yes,yes,yes,yes,yes,yes,yes,yes,,,,,,https://cambridgema.iqm2.com/Citizens/Detail_LegiFile.aspx?Frame=&MeetingID=4745&MediaPosition=&ID=30759&CssClass=,"That the City Manager is requested to direct the Community Development Department, in collaboration with the Finance Department, to conduct a comprehensive review of current permitting fees for residential development projects, with a focus on identifying opportunities to create a tiered fee structure that reduces or eliminates fees entirely particularly for smaller-scale and affordable housing developments.",
POR 2025 #107,2,2025-08-04 Regular,2025-08-04,Paul F. Toner,"E. Denise Simmons,Ayesha M. Wilson,Patricia Nolan,Marc C. McGovern",,yes,Adopted,Unanimous,yes,yes,yes,yes,yes,yes,yes,yes,yes,,,,,,https://cambridgema.iqm2.com/Citizens/Detail_LegiFile.aspx?Frame=&MeetingID=4745&MediaPosition=&ID=30781&CssClass=,"That the City Manager is requested to allocate $25,000 in feasibility funds to support an exploratory process – potentially including stakeholder engagement, legal and technical assessments, and community outreach – to evaluate the creation of a Business Improvement District in Porter Square.",
POR 2025 #108,3,2025-08-04 Regular,2025-08-04,E. Denise Simmons,Paul F. Toner,,,Charter Right,,,,,,,,,,,,,,,,https://cambridgema.iqm2.com/Citizens/Detail_LegiFile.aspx?Frame=&MeetingID=4745&MediaPosition=&ID=30785&CssClass=,"That the City Manager is requested to coordinate with the Community Safety Department, the Cambridge Police Department, and other relevant parties to ensure that the overnight use of the garden area between St. James Episcopal Church and the Beech Street condos is actively monitored.",
POR 2025 #109,4,2025-08-04 Regular,2025-08-04,Marc C. McGovern,E. Denise Simmons,,,Adopted,Unanimous,yes,yes,yes,yes,yes,yes,yes,yes,yes,,,,,,https://cambridgema.iqm2.com/Citizens/Detail_LegiFile.aspx?Frame=&MeetingID=4745&MediaPosition=&ID=30803&CssClass=,"Declaring August 9, 2025, as Rocky Horror Day in the City of Cambridge.",
POR 2025 #110,5,2025-08-04 Regular,2025-08-04,Marc C. McGovern,"Sumbul Siddiqui,Ayesha M. Wilson",,yes,Adopted,8 to 0,absent,yes,yes,yes,yes,yes,yes,yes,yes,,,,,,https://cambridgema.iqm2.com/Citizens/Detail_LegiFile.aspx?Frame=&MeetingID=4745&MediaPosition=&ID=30804&CssClass=,"That the City Manager is requested to work with the Department of Public Health, the Department of Public Works, and any other relevant City departments to develop a plan to install needle drop boxes in identified problem areas throughout the city.",
POR 2025 #111,6,2025-08-04 Regular,2025-08-04,Patricia Nolan,"Jivan Sobrinho-Wheeler,Marc C. McGovern,Sumbul Siddiqui",,yes,Adopted,8 to 0,absent,yes,yes,yes,yes,yes,yes,yes,yes,,,,,,https://cambridgema.iqm2.com/Citizens/Detail_LegiFile.aspx?Frame=&MeetingID=4745&MediaPosition=&ID=30818&CssClass=,City Council support of Representative McGovern Resolution on nuclear deproliferation.,
POR 2025 #112,7,2025-08-04 Regular,2025-08-04,Sumbul Siddiqui,"Jivan Sobrinho-Wheeler,Ayesha M. Wilson,Marc C. McGovern",,,Adopted,Unanimous,yes,yes,yes,yes,yes,yes,yes,yes,yes,,,,,,https://cambridgema.iqm2.com/Citizens/Detail_LegiFile.aspx?Frame=&MeetingID=4745&MediaPosition=&ID=30822&CssClass=,"That the City Council go on record urging Governor of the Commonwealth Maura Healey and the Massachusetts Legislature to act without delay to safeguard the constitutional rights of indigent defendants and preserve the integrity of the Commonwealth’s criminal justice system by increasing compensation rates for bar advocates to ensure adequate participation statewide, and establishing pay parity with neighboring states and competitive future rates to prevent recurring crises.",
POR 2025 #113,8,2025-08-04 Regular,2025-08-04,Ayesha M. Wilson,E. Denise Simmons,,,Adopted,Unanimous,yes,yes,yes,yes,yes,yes,yes,yes,yes,,,,,,https://cambridgema.iqm2.com/Citizens/Detail_LegiFile.aspx?Frame=&MeetingID=4745&MediaPosition=&ID=30824&CssClass=,Recognizing August as National Black Business Month 2025.,
POR 2025 #114,1,2025-09-08 Regular,2025-09-08,E. Denise Simmons,Marc C. McGovern,,,Adopted,Voice Vote,,,,,,,,,,,,,,,https://cambridgema.iqm2.com/Citizens/Detail_LegiFile.aspx?Frame=&MeetingID=4756&MediaPosition=&ID=30832&CssClass=,"That the City Council go on record recognizing November 2025 as Alzheimer's Awareness Month and in formally endorsing Cambridge's continued participation in the ""Light the World in Teal"" initiative on November 3, 2025.",
POR 2025 #115,2,2025-09-08 Regular,2025-09-08,E. Denise Simmons,Marc C. McGovern,,,Adopted,Voice Vote,,,,,,,,,,,,,,,https://cambridgema.iqm2.com/Citizens/Detail_LegiFile.aspx?Frame=&MeetingID=4756&MediaPosition=&ID=30840&CssClass=,"That the City Manager is requested to confer with the Department of Transportation, the Commission for Persons with Disabilities, and any other relevant City departments to assess the current accessible parking capacity in the vicinity of Kendall Square and identify potential solutions, which may include adding dedicated accessible parking spaces, creating short-term accessible loading/unloading zones, or implementing other reasonable accommodations",
POR 2025 #116,3,2025-09-08 Regular,2025-09-08,E. Denise Simmons,"Marc C. McGovern,Paul F. Toner,Ayesha M. Wilson",,yes,Adopted,Voice Vote,,,,,,,,,,,,,,,https://cambridgema.iqm2.com/Citizens/Detail_LegiFile.aspx?Frame=&MeetingID=4756&MediaPosition=&ID=30841&CssClass=,"That the City Manager is requested to consult with the appropriate City departments, including the City Solicitor’s Office, to establish a formal policy that clearly defines the City’s role and financial responsibilities in supporting large-scale public events hosted by Cambridge-based non-profit and not-for-profit organizations.",
POR 2025 #117,4,2025-09-08 Regular,2025-09-08,E. Denise Simmons,Marc C. McGovern,Paul F. Toner,,Referred to Committee,Unanimous,yes,yes,yes,yes,yes,yes,yes,yes,yes,,,,,,https://cambridgema.iqm2.com/Citizens/Detail_LegiFile.aspx?Frame=&MeetingID=4756&MediaPosition=&ID=30842&CssClass=,"That the City Manager is requested to work with the appropriate City staff to ensure that, effective immediately (and for each fiscal year in which the Office for Tourism continues to receive TDMD funding) that the City shall redirect its municipal funding to distribute those funds equally among the Central Square Business Improvement District (BID), the East Cambridge Business Association, the Harvard Square Business Association, and the Kendall Square Association. CHARTER RIGHT EXERCISED BY COUNCILLOR TONER IN COUNCIL SEPTEMBER 8, 2025. REFERRED TO THE ECONOMIC DEVELOPMENT & UNIVERSITY RELATIONS COMMITTEE IN COUNCIL SEPTEMBER 15, 2025.",EXERCISED BY COUNCILLOR TONER
POR 2025 #118,5,2025-09-08 Regular,2025-09-08,Paul F. Toner,"E. Denise Simmons,Burhan Azeem,Patricia Nolan,Catherine Zusy",,yes,Adopted,Voice Vote,,,,,,,,,,,,,,,https://cambridgema.iqm2.com/Citizens/Detail_LegiFile.aspx?Frame=&MeetingID=4756&MediaPosition=&ID=30858&CssClass=,"That the City Manager is requested to work with the Community Development Department, the City Assessor, and all other relevant departments to develop a comprehensive policy for future private development projects in the city.",
POR 2025 #119,6,2025-09-08 Regular,2025-09-08,E. Denise Simmons,Sumbul Siddiqui,,,Adopted,Voice Vote,,,,,,,,,,,,,,,https://cambridgema.iqm2.com/Citizens/Detail_LegiFile.aspx?Frame=&MeetingID=4756&MediaPosition=&ID=30862&CssClass=,"Proclaim the week of September 15 through September 21, 2025 as National Diaper Need Awareness Week in the City of Cambridge.",
POR 2025 #120,7,2025-09-08 Regular,2025-09-08,E. Denise Simmons,Paul F. Toner,,,Adopted,Voice Vote,,,,,,,,,,,,,,,https://cambridgema.iqm2.com/Citizens/Detail_LegiFile.aspx?Frame=&MeetingID=4756&MediaPosition=&ID=30866&CssClass=,"That the City Manager is requested to confer with the Election Commission, the City Solicitor, and the City Clerk, and report back to the City Council no later than the September 15, 2025 City Council meeting on the Policy Order regarding the deadline for Charter Change.",
POR 2025 #121,8,2025-09-08 Regular,2025-09-08,Patricia Nolan,"Jivan Sobrinho-Wheeler,Marc C. McGovern,Sumbul Siddiqui",,,Adopted,Voice Vote,,,,,,,,,,,,,,,https://cambridgema.iqm2.com/Citizens/Detail_LegiFile.aspx?Frame=&MeetingID=4756&MediaPosition=&ID=30910&CssClass=,That the City Manager is requested to work with all relevant departments to seek input from the community as well as direct outreach to condo owners and short-term rental operators and develop additional recommendations based on the discussion in the Ordinance Committee.,
POR 2025 #122,9,2025-09-08 Regular,2025-09-08,Patricia Nolan,"Burhan Azeem,Paul F. Toner,Marc C. McGovern,Catherine Zusy",,yes,Adopted,Voice Vote,,,,,,,,,,,,,,,https://cambridgema.iqm2.com/Citizens/Detail_LegiFile.aspx?Frame=&MeetingID=4756&MediaPosition=&ID=30913&CssClass=,"That the City Manager is requested to work with relevant departments and multi-member bodies to report back to the City Council and inform the community of the work of, and when the recommendations coming from the Micromobility Commission will be available.",
POR 2025 #123,10,2025-09-08 Regular,2025-09-08,Patricia Nolan,"Sumbul Siddiqui,Jivan Sobrinho-Wheeler",,yes,Adopted,Voice Vote,,,,,,,,,,,,,,,https://cambridgema.iqm2.com/Citizens/Detail_LegiFile.aspx?Frame=&MeetingID=4756&MediaPosition=&ID=30915&CssClass=,That the City Manager is requested to consult with relevant departments about the implications of deploying license plate readers and provide recommendations as to whether adjustments in plans for deployment should be made in light of changes since approval in February.,
POR 2025 #124,11,2025-09-08 Regular,2025-09-08,Patricia Nolan,Jivan Sobrinho-Wheeler,,,Adopted,Voice Vote,,,,,,,,,,,,,,,https://cambridgema.iqm2.com/Citizens/Detail_LegiFile.aspx?Frame=&MeetingID=4756&MediaPosition=&ID=30844&CssClass=,"That the City Manager is requested to work with all relevant departments on zoning amendments to incentivize multifamily zoning while allowing reasonable development of single and two- family homes, the “balanced incentive approach” which is Option Four outlined in the presentation to the NLTP Committee.",
POR 2025 #125,1,2025-09-15 Regular,2025-09-15,E. Denise Simmons,"Marc C. McGovern,Paul F. Toner",,,Adopted,Unanimous,yes,yes,yes,yes,yes,yes,yes,yes,yes,,,,,,https://cambridgema.iqm2.com/Citizens/Detail_LegiFile.aspx?Frame=&MeetingID=4757&MediaPosition=&ID=30943&CssClass=,"That the City Manager is requested to provide an update to the City Council at the September 29, 2025 City Council meeting regarding the status of discussions with the MBTA and HSBA, the potential allocation of funds for the tunnel feasibility RFP, and any anticipated next steps in this process.",
POR 2025 #126,2,2025-09-15 Regular,2025-09-15,Ayesha M. Wilson,"Marc C. McGovern,Sumbul Siddiqui",,,Adopted,Unanimous,yes,yes,yes,yes,yes,yes,yes,yes,yes,,,,,,https://cambridgema.iqm2.com/Citizens/Detail_LegiFile.aspx?Frame=&MeetingID=4757&MediaPosition=&ID=30945&CssClass=,"That the City Manager is requested to work with the Cambridge Police Department to review current crisis prevention protocols, strengthen them by clearly defining the role and deployment of mental health professionals.",
POR 2025 #127,3,2025-09-15 Regular,2025-09-15,E. Denise Simmons,Marc C. McGovern,,,Adopted,Unanimous,yes,yes,yes,yes,yes,yes,yes,yes,yes,,,,,,https://cambridgema.iqm2.com/Citizens/Detail_LegiFile.aspx?Frame=&MeetingID=4757&MediaPosition=&ID=30949&CssClass=,"That the City Manager is requested to work with the Commission on Immigrant Rights & Citizenship, the City Solicitor, the Police Department, the Mayor’s Office, and other relevant stakeholders to evaluate and implement ICE Encounter Guidance.",
POR 2025 #128,4,2025-09-15 Regular,2025-09-15,Patricia Nolan,"Burhan Azeem,Sumbul Siddiqui,Ayesha M. Wilson",,yes,Adopted,Unanimous,yes,yes,yes,yes,yes,yes,yes,yes,yes,,,,,,https://cambridgema.iqm2.com/Citizens/Detail_LegiFile.aspx?Frame=&MeetingID=4757&MediaPosition=&ID=30956&CssClass=,"That the City Manager is requested to work with relevant departments to provide an update on rodent control measures citywide and especially how the City addresses rodent mitigation through large construction projects, both public and private.",
POR 2025 #129,5,2025-09-15 Regular,2025-09-15,Burhan Azeem,"Jivan Sobrinho-Wheeler,Patricia Nolan,Sumbul Siddiqui",,,Adopted,Unanimous,yes,yes,yes,yes,yes,yes,yes,yes,yes,,,,,,https://cambridgema.iqm2.com/Citizens/Detail_LegiFile.aspx?Frame=&MeetingID=4757&MediaPosition=&ID=30957&CssClass=,"That the City Manager is requested to work with the Cambridge Police Department, the Law Department, and relevant stakeholders to develop and present to the City Council a proposed policy for the timely release of body-worn camera footage.",
POR 2025 #130,1,2025-09-29 Regular,2025-09-29,Marc C. McGovern,E. Denise Simmons,,,Adopted,8 to 0,absent,yes,yes,yes,yes,yes,yes,yes,yes,,,,,,https://cambridgema.iqm2.com/Citizens/Detail_LegiFile.aspx?Frame=&MeetingID=4758&MediaPosition=&ID=30966&CssClass=,That the City Manager is requested to work with the City Council to establish a Seal Review Committee with the charge of recommending an updated city seal and motto in time for adoption prior to the 400th anniversary of the City of Cambridge in 2030.,
POR 2025 #131,2,2025-09-29 Regular,2025-09-29,Jivan Sobrinho-Wheeler,"Marc C. McGovern,Sumbul Siddiqui,Ayesha M. Wilson,Patricia Nolan,Burhan Azeem",,yes,Adopted,8 to 0,absent,yes,yes,yes,yes,yes,yes,yes,yes,,,,,,https://cambridgema.iqm2.com/Citizens/Detail_LegiFile.aspx?Frame=&MeetingID=4758&MediaPosition=&ID=30977&CssClass=,"That the Housing Committee will be convened to discuss the concrete details of social housing; that the City Manager be and hereby is requested to confer with the Community Development Department, Finance Department, Law Department, and other relevant departments to explore all steps towards advancing social housing in Cambridge.",
POR 2025 #132,3,2025-09-29 Regular,2025-09-29,Patricia Nolan,"Paul F. Toner,Marc C. McGovern,Sumbul Siddiqui",,,Adopted,8 to 0,absent,yes,yes,yes,yes,yes,yes,yes,yes,,,,,,https://cambridgema.iqm2.com/Citizens/Detail_LegiFile.aspx?Frame=&MeetingID=4758&MediaPosition=&ID=31016&CssClass=,That the City Manager is requested to work with relevant departments to provide a recommendation on the site conditions of 25 Lowell Street and considerations and process for determining the future use of the property.,
POR 2025 #133,4,2025-09-29 Regular,2025-09-29,E. Denise Simmons,Marc C. McGovern,,,Adopted,8 to 0,absent,yes,yes,yes,yes,yes,yes,yes,yes,,,,,,https://cambridgema.iqm2.com/Citizens/Detail_LegiFile.aspx?Frame=&MeetingID=4758&MediaPosition=&ID=30978&CssClass=,"That the City Manager is requested to illuminate Cambridge City Hall in purple lights on Sunday, October 5, 2025, in recognition of Rett Syndrome Awareness Month and to demonstrate the City’s support for individuals and families affected by this disorder.",
POR 2025 #134,5,2025-09-29 Regular,2025-09-29,Ayesha M. Wilson,Sumbul Siddiqui,,,Adopted,8 to 0,absent,yes,yes,yes,yes,yes,yes,yes,yes,,,,,,https://cambridgema.iqm2.com/Citizens/Detail_LegiFile.aspx?Frame=&MeetingID=4758&MediaPosition=&ID=31021&CssClass=,That the City Council go on record in recognizing October as National Women's Business Month in Cambridge.,
POR 2025 #135,6,2025-09-29 Regular,2025-09-29,Ayesha M. Wilson,Marc C. McGovern,,,Adopted,8 to 0,absent,yes,yes,yes,yes,yes,yes,yes,yes,,,,,,https://cambridgema.iqm2.com/Citizens/Detail_LegiFile.aspx?Frame=&MeetingID=4758&MediaPosition=&ID=31022&CssClass=,"Proclaim September 30, 2025, as “Limb-Girdle Muscular Dystrophy Awareness Day” in the City of Cambridge and encourages all Cambridge residents to recognize this day by learning more about LGMD, supporting advocacy and research, and helping build inclusive communities with compassion and understanding for those living with neuromuscular diseases.",
POR 2025 #136,7,2025-09-29 Regular,2025-09-29,Patricia Nolan,Burhan Azeem,,,Adopted,8 to 0,absent,yes,yes,yes,yes,yes,yes,yes,yes,,,,,,https://cambridgema.iqm2.com/Citizens/Detail_LegiFile.aspx?Frame=&MeetingID=4758&MediaPosition=&ID=31006&CssClass=,"That the City Manager is requested to work with relevant City departments and the recently formed coalition to consider options including consideration of costs and benefits to meet a 2050 25 year storm level of control of CSOs, update regulations for private development of stormwater, use of green infrastructure, and improve meaningful public outreach regarding ongoing sewer and stormwater investments, including the creation of a Combined Sewer Overflow Commission.",
POR 2025 #138,1,2025-10-06 Regular,2025-10-06,E. Denise Simmons,"Marc C. McGovern,Paul F. Toner",,yes,Adopted,Unanimous,yes,yes,yes,yes,yes,yes,yes,yes,yes,,,,,,https://cambridgema.iqm2.com/Citizens/Detail_LegiFile.aspx?Frame=&MeetingID=4759&MediaPosition=&ID=31030&CssClass=,"That the City Manager is requested to work with the Department of Public Works, the Department of Public Health, and any relevant environmental consultants to provide a comprehensive report on Gold Star Mothers Memorial Park.",
POR 2025 #139,2,2025-10-06 Regular,2025-10-06,E. Denise Simmons,"Patricia Nolan,Ayesha M. Wilson,Sumbul Siddiqui",,,Adopted,Unanimous,yes,yes,yes,yes,yes,yes,yes,yes,yes,,,,,,https://cambridgema.iqm2.com/Citizens/Detail_LegiFile.aspx?Frame=&MeetingID=4759&MediaPosition=&ID=31063&CssClass=,"Recognize October 2025 as Domestic Violence Awareness Month in the City of Cambridge, and encourage all residents and City staff to attend the Annual Domestic Violence Vigil on October 8, 2025, to show support for survivors.",
POR 2025 #140,3,2025-10-06 Regular,2025-10-06,Ayesha M. Wilson,E. Denise Simmons,,,Adopted,Unanimous,yes,yes,yes,yes,yes,yes,yes,yes,yes,,,,,,https://cambridgema.iqm2.com/Citizens/Detail_LegiFile.aspx?Frame=&MeetingID=4759&MediaPosition=&ID=31069&CssClass=,"That the City Council  go on record recognizing October 11, 2025, as Black Girl Day Off in the City of Cambridge and encourage residents to honor the spirit of this day by supporting the health, wellness, and empowerment of Black women and girls in our community.",
POR 2025 #141,4,2025-10-06 Regular,2025-10-06,Catherine Zusy,"Patricia Nolan,Paul F. Toner,Ayesha M. Wilson",,,Adopted,Unanimous,yes,yes,yes,yes,yes,yes,yes,yes,yes,,,,,,https://cambridgema.iqm2.com/Citizens/Detail_LegiFile.aspx?Frame=&MeetingID=4759&MediaPosition=&ID=31089&CssClass=,That the City Manager is requested to work with relevant staff to ensure that the zoning code relating to Institutional Use Regulation is in compliance with State law.,
POR 2025 #142,5,2025-10-06 Regular,2025-10-06,Patricia Nolan,"Ayesha M. Wilson,Paul F. Toner,Catherine Zusy",,yes,Adopted,Unanimous,yes,yes,yes,yes,yes,yes,yes,yes,yes,,,,,,https://cambridgema.iqm2.com/Citizens/Detail_LegiFile.aspx?Frame=&MeetingID=4759&MediaPosition=&ID=31090&CssClass=,"That the City Manager is requested to work with relevant departments, state agencies, and the property owner IQHQ to provide an update on efforts to maintain cleanliness and safety in the area on Alewife Paths near Russell Field.",
POR 2025 #143,6,2025-10-06 Regular,2025-10-06,Patricia Nolan,"Paul F. Toner,Catherine Zusy,Ayesha M. Wilson",,yes,Adopted,Unanimous,yes,yes,yes,yes,yes,yes,yes,yes,yes,,,,,,https://cambridgema.iqm2.com/Citizens/Detail_LegiFile.aspx?Frame=&MeetingID=4759&MediaPosition=&ID=31091&CssClass=,That the City Manager is requested to work with relevant departments to consider a plan to better utilize the Russell Youth and Community Center.,
POR 2025 #144,1,2025-10-20 Regular,2025-10-20,Jivan Sobrinho-Wheeler,"Marc C. McGovern,Patricia Nolan,Sumbul Siddiqui",,,Adopted,8 to 1,yes,yes,yes,yes,yes,yes,yes,yes,no,,,,,,https://cambridgema.iqm2.com/Citizens/Detail_LegiFile.aspx?Frame=&MeetingID=4760&MediaPosition=&ID=31112&CssClass=,"City Council support for Massachusetts’ community colleges and state universities and urging the state Legislature to pass the DRIVE Act with an amendment to cover student supports and other cuts beyond research grants as a first step toward public higher education funding that adequately supports students, faculty and staff.",
POR 2025 #145,2,2025-10-20 Regular,2025-10-20,E. Denise Simmons,Marc C. McGovern,,,Adopted,8 to 1,yes,yes,yes,yes,yes,yes,yes,yes,no,,,,,,https://cambridgema.iqm2.com/Citizens/Detail_LegiFile.aspx?Frame=&MeetingID=4760&MediaPosition=&ID=31117&CssClass=,That the City Manager is requested to reach out to representatives from Eversource to coordinate at least four public open-house meetings in the coming weeks regarding heat and electricity costs.,
POR 2025 #146,3,2025-10-20 Regular,2025-10-20,Jivan Sobrinho-Wheeler,"Burhan Azeem,Sumbul Siddiqui,Ayesha M. Wilson",,,Adopted,8 to 1,yes,yes,yes,yes,yes,yes,yes,yes,no,,,,,,https://cambridgema.iqm2.com/Citizens/Detail_LegiFile.aspx?Frame=&MeetingID=4760&MediaPosition=&ID=31120&CssClass=,"City Council support of H.811, An Act authorizing cities and towns to provide for citizen-funded election campaigns.",
POR 2025 #147,4,2025-10-20 Regular,2025-10-20,Jivan Sobrinho-Wheeler,"Sumbul Siddiqui,Ayesha M. Wilson,Marc C. McGovern",,,Adopted,8 to 1,yes,yes,yes,yes,yes,yes,yes,yes,no,,,,,,https://cambridgema.iqm2.com/Citizens/Detail_LegiFile.aspx?Frame=&MeetingID=4760&MediaPosition=&ID=31129&CssClass=,"City Council support of the unionization efforts of Massachusetts State House legislative staff and H.2093/S.1343, and urge the recognition of the Massachusetts State House Employee Union.",
POR 2025 #148,5,2025-10-20 Regular,2025-10-20,Patricia Nolan,"Paul F. Toner,Marc C. McGovern,Catherine Zusy",,,Adopted,8 to 1,yes,yes,yes,yes,yes,yes,yes,yes,no,,,,,,https://cambridgema.iqm2.com/Citizens/Detail_LegiFile.aspx?Frame=&MeetingID=4760&MediaPosition=&ID=31140&CssClass=,That the City Manager is requested to work with relevant departments to report back to the City Council on current efforts towards poison ivy control in the Fresh Pond Master Plan as well as recommended improvements for signage and regular maintenance planning.,
POR 2025 #149,6,2025-10-20 Regular,2025-10-20,Patricia Nolan,"Sumbul Siddiqui,Jivan Sobrinho-Wheeler,Marc C. McGovern",,,Adopted,8 to 1,yes,yes,yes,yes,yes,yes,yes,yes,no,,,,,,https://cambridgema.iqm2.com/Citizens/Detail_LegiFile.aspx?Frame=&MeetingID=4760&MediaPosition=&ID=31145&CssClass=,"That the City Council supports House Bill H.3564, An Act Relative to Infrastructure Replacement Projects, and House Bill H.3446 /Senate Bill S.2248, An Act Relative to Municipal Voices in Gas Utility Work that are currently before the Massachusetts Legislature.",
POR 2025 #150,7,2025-10-20 Regular,2025-10-20,Patricia Nolan,"Jivan Sobrinho-Wheeler,Sumbul Siddiqui,Catherine Zusy",,,Adopted,8 to 1,yes,yes,yes,yes,yes,yes,yes,yes,no,,,,,,https://cambridgema.iqm2.com/Citizens/Detail_LegiFile.aspx?Frame=&MeetingID=4760&MediaPosition=&ID=31149&CssClass=,City Council support of Bill Lifting Caps on Municipal Solar.,
POR 2025 #151,8,2025-10-20 Regular,2025-10-20,Jivan Sobrinho-Wheeler,"Burhan Azeem,Sumbul Siddiqui,Patricia Nolan",,,Adopted,8 to 1,yes,yes,yes,yes,yes,yes,yes,yes,no,,,,,,https://cambridgema.iqm2.com/Citizens/Detail_LegiFile.aspx?Frame=&MeetingID=4760&MediaPosition=&ID=31156&CssClass=,"City Council opposition to Harvard University’s efforts to strip union protections from workers in the Harvard Graduate Students Union bargaining unit, and to all forms of union busting, and go on record urging the Harvard administration to engage in good faith with the demands of our residents organizing with HGSU, HAW, and the Harvard Undergraduate Workers Union (HUWU), including fair pay, healthcare, and workplace harassment and discrimination protections.",
POR 2025 #152,9,2025-10-20 Regular,2025-10-20,Marc C. McGovern,"Ayesha M. Wilson,Sumbul Siddiqui,Jivan Sobrinho-Wheeler,Patricia Nolan,Paul F. Toner",,yes,Adopted,Unanimous,yes,yes,yes,yes,yes,yes,yes,yes,yes,,,,,,https://cambridgema.iqm2.com/Citizens/Detail_LegiFile.aspx?Frame=&MeetingID=4760&MediaPosition=&ID=31161&CssClass=,"That the City suspend using Flock cameras, and all ALPR technology currently in use, until the City Council votes to reinstate or revoke the use of such devices.",
POR 2025 #153,1,2025-10-27 Regular,2025-10-27,E. Denise Simmons,Marc C. McGovern,,,,,,,,,,,,,,,,,,,https://cambridgema.iqm2.com/Citizens/Detail_LegiFile.aspx?Frame=&MeetingID=4761&MediaPosition=&ID=31163&CssClass=,"Joint City Council Roundtable with the School Committee on November 10, 2025.",
POR 2025 #154,2,2025-10-27 Regular,2025-10-27,Jivan Sobrinho-Wheeler,"Sumbul Siddiqui,Patricia Nolan,Marc C. McGovern",,,,,,,,,,,,,,,,,,,https://cambridgema.iqm2.com/Citizens/Detail_LegiFile.aspx?Frame=&MeetingID=4761&MediaPosition=&ID=31173&CssClass=,That the City Manager is requested to confer with the Cambridge Department of Transportation and other relevant departments to examine how to improve connectivity north of Rindge Avenue during the Linear Park Reconstruction Project so that vulnerable road users can bypass Rindge Avenue and Cedar Street where possible.,
POR 2025 #155,3,2025-10-27 Regular,2025-10-27,Sumbul Siddiqui,"Jivan Sobrinho-Wheeler,Ayesha M. Wilson,Marc C. McGovern",,,,,,,,,,,,,,,,,,,https://cambridgema.iqm2.com/Citizens/Detail_LegiFile.aspx?Frame=&MeetingID=4761&MediaPosition=&ID=31178&CssClass=,"City Council support for the workers of Cambridge Rehabilitation & Nursing Center in their efforts to secure fair wages, respect, and improved working conditions through collective bargaining.",
